validation,run_id,event,robot_id,sim_time_s,wall_log_s,wall_time_s,delta_from_handoff_sim_s,source
validation2_final,fast_trial_20260831T025852Z,SHARED_LOCAL_COSTMAP_ACTIVE,robot1,10.88,1788145144.6254323,,-39.8,/home/arash/webots_ws_clean_validation_20260823/results/final_runtime_reliability_validations/validation2_final/fast_trial_20260831T025852Z
validation2_final,fast_trial_20260831T025852Z,SHARED_GLOBAL_COSTMAP_ACTIVE,robot1,11.34,1788145144.844251,,-39.34,/home/arash/webots_ws_clean_validation_20260823/results/final_runtime_reliability_validations/validation2_final/fast_trial_20260831T025852Z
validation2_final,fast_trial_20260831T025852Z,SHARED_LOCAL_COSTMAP_ACTIVE,robot2,15.84,1788145146.6534293,,-34.84,/home/arash/webots_ws_clean_validation_20260823/results/final_runtime_reliability_validations/validation2_final/fast_trial_20260831T025852Z
validation2_final,fast_trial_20260831T025852Z,SHARED_GLOBAL_COSTMAP_ACTIVE,robot2,16.4,1788145146.8668737,,-34.28,/home/arash/webots_ws_clean_validation_20260823/results/final_runtime_reliability_validations/validation2_final/fast_trial_20260831T025852Z
validation2_final,fast_trial_20260831T025852Z,SHARED_NAV2_PROCESSES_LAUNCH_STARTED,,50.68,1788145160.691178,,0.0,/home/arash/webots_ws_clean_validation_20260823/results/final_runtime_reliability_validations/validation2_final/fast_trial_20260831T025852Z
validation2_final,fast_trial_20260831T025852Z,SHARED_NAV2_PROCESSES_PRESENT,,50.68,1788145160.6965804,,0.0,/home/arash/webots_ws_clean_validation_20260823/results/final_runtime_reliability_validations/validation2_final/fast_trial_20260831T025852Z
validation2_final,fast_trial_20260831T025852Z,HANDOFF_LOCKED,robot2,50.68,1788145160.6993074,,0.0,/home/arash/webots_ws_clean_validation_20260823/results/final_runtime_reliability_validations/validation2_final/fast_trial_20260831T025852Z
validation2_final,fast_trial_20260831T025852Z,HANDOFF_LOCKED,robot1,50.68,1788145160.7057948,,0.0,/home/arash/webots_ws_clean_validation_20260823/results/final_runtime_reliability_validations/validation2_final/fast_trial_20260831T025852Z
validation2_final,fast_trial_20260831T025852Z,SHARED_NAV2_LIFECYCLE_STARTUP_REQUESTED,robot2,54.42,1788145163.557925,,3.740000000000002,/home/arash/webots_ws_clean_validation_20260823/results/final_runtime_reliability_validations/validation2_final/fast_trial_20260831T025852Z
validation2_final,fast_trial_20260831T025852Z,SHARED_NAV2_LIFECYCLE_STARTUP_REQUESTED,robot1,54.96,1788145164.2775917,,4.280000000000001,/home/arash/webots_ws_clean_validation_20260823/results/final_runtime_reliability_validations/validation2_final/fast_trial_20260831T025852Z
validation2_final,fast_trial_20260831T025852Z,LOCAL_NAV2_PROCESSES_TEARDOWN_COMPLETE,robot2,55.6,1788145165.0194693,,4.920000000000002,/home/arash/webots_ws_clean_validation_20260823/results/final_runtime_reliability_validations/validation2_final/fast_trial_20260831T025852Z
validation2_final,fast_trial_20260831T025852Z,LOCAL_NAV2_PROCESSES_TEARDOWN_COMPLETE,robot1,56.34,1788145165.4130056,,5.660000000000004,/home/arash/webots_ws_clean_validation_20260823/results/final_runtime_reliability_validations/validation2_final/fast_trial_20260831T025852Z
validation2_final,fast_trial_20260831T025852Z,SHARED_NAV2_LIFECYCLE_ACTIVE,robot1,75.96,1788145171.921544,,25.279999999999994,/home/arash/webots_ws_clean_validation_20260823/results/final_runtime_reliability_validations/validation2_final/fast_trial_20260831T025852Z
validation2_final,fast_trial_20260831T025852Z,SHARED_PLANNER_ACTIVE,robot1,76.06,1788145171.923673,,25.380000000000003,/home/arash/webots_ws_clean_validation_20260823/results/final_runtime_reliability_validations/validation2_final/fast_trial_20260831T025852Z
validation2_final,fast_trial_20260831T025852Z,SHARED_CONTROLLER_ACTIVE,robot1,76.06,1788145171.9240732,,25.380000000000003,/home/arash/webots_ws_clean_validation_20260823/results/final_runtime_reliability_validations/validation2_final/fast_trial_20260831T025852Z
validation2_final,fast_trial_20260831T025852Z,SHARED_LOCAL_COSTMAP_ACTIVE,robot1,76.06,1788145171.9351552,,25.380000000000003,/home/arash/webots_ws_clean_validation_20260823/results/final_runtime_reliability_validations/validation2_final/fast_trial_20260831T025852Z
validation2_final,fast_trial_20260831T025852Z,SHARED_GLOBAL_COSTMAP_ACTIVE,robot1,76.3,1788145172.0054376,,25.619999999999997,/home/arash/webots_ws_clean_validation_20260823/results/final_runtime_reliability_validations/validation2_final/fast_trial_20260831T025852Z
validation2_final,fast_trial_20260831T025852Z,SHARED_NAV2_LIFECYCLE_ACTIVE,robot2,76.62,1788145172.1209383,,25.940000000000005,/home/arash/webots_ws_clean_validation_20260823/results/final_runtime_reliability_validations/validation2_final/fast_trial_20260831T025852Z
validation2_final,fast_trial_20260831T025852Z,SHARED_PLANNER_ACTIVE,robot2,76.62,1788145172.122699,,25.940000000000005,/home/arash/webots_ws_clean_validation_20260823/results/final_runtime_reliability_validations/validation2_final/fast_trial_20260831T025852Z
validation2_final,fast_trial_20260831T025852Z,SHARED_CONTROLLER_ACTIVE,robot2,76.62,1788145172.1230056,,25.940000000000005,/home/arash/webots_ws_clean_validation_20260823/results/final_runtime_reliability_validations/validation2_final/fast_trial_20260831T025852Z
validation2_final,fast_trial_20260831T025852Z,SHARED_LOCAL_COSTMAP_ACTIVE,robot2,76.84,1788145172.174135,,26.160000000000004,/home/arash/webots_ws_clean_validation_20260823/results/final_runtime_reliability_validations/validation2_final/fast_trial_20260831T025852Z
validation2_final,fast_trial_20260831T025852Z,SHARED_GLOBAL_COSTMAP_ACTIVE,robot2,76.84,1788145172.1913579,,26.160000000000004,/home/arash/webots_ws_clean_validation_20260823/results/final_runtime_reliability_validations/validation2_final/fast_trial_20260831T025852Z
validation2_final,fast_trial_20260831T025852Z,SHARED_NAV2_COSTMAP_BARRIER_RELEASED,,76.84,1788145172.1921768,,26.160000000000004,/home/arash/webots_ws_clean_validation_20260823/results/final_runtime_reliability_validations/validation2_final/fast_trial_20260831T025852Z
validation2_final,fast_trial_20260831T025852Z,FIRST_VALID_TASK_SNAPSHOTS,robot1,79.84,1788145173.386192,1788145173.3847027,29.160000000000004,/home/arash/webots_ws_clean_validation_20260823/results/final_runtime_reliability_validations/validation2_final/fast_trial_20260831T025852Z
validation2_final,fast_trial_20260831T025852Z,FIRST_VALID_TASK_SNAPSHOTS,robot2,79.84,1788145173.3904684,1788145173.3870652,29.160000000000004,/home/arash/webots_ws_clean_validation_20260823/results/final_runtime_reliability_validations/validation2_final/fast_trial_20260831T025852Z
validation2_final,fast_trial_20260831T025852Z,FIRST_VALID_PAIR_DECISION,robot2,79.96,1788145173.429281,1788145173.4284766,29.279999999999994,/home/arash/webots_ws_clean_validation_20260823/results/final_runtime_reliability_validations/validation2_final/fast_trial_20260831T025852Z
validation2_final,fast_trial_20260831T025852Z,FIRST_VALID_PAIR_DECISION,robot1,79.96,1788145173.429713,1788145173.4276626,29.279999999999994,/home/arash/webots_ws_clean_validation_20260823/results/final_runtime_reliability_validations/validation2_final/fast_trial_20260831T025852Z
validation2_final,fast_trial_20260831T025852Z,FIRST_COOPERATIVE_GOAL,robot1,80.3,1788145173.5881746,1788145173.5780354,29.619999999999997,/home/arash/webots_ws_clean_validation_20260823/results/final_runtime_reliability_validations/validation2_final/fast_trial_20260831T025852Z
validation3_final,fast_trial_20260831T030251Z,SHARED_LOCAL_COSTMAP_ACTIVE,robot1,11.22,1788145383.8918383,,-34.52,/home/arash/webots_ws_clean_validation_20260823/results/final_runtime_reliability_validations/validation3_final/fast_trial_20260831T030251Z
validation3_final,fast_trial_20260831T030251Z,SHARED_GLOBAL_COSTMAP_ACTIVE,robot1,11.92,1788145384.1652846,,-33.82,/home/arash/webots_ws_clean_validation_20260823/results/final_runtime_reliability_validations/validation3_final/fast_trial_20260831T030251Z
validation3_final,fast_trial_20260831T030251Z,SHARED_LOCAL_COSTMAP_ACTIVE,robot2,16.18,1788145385.9745207,,-29.560000000000002,/home/arash/webots_ws_clean_validation_20260823/results/final_runtime_reliability_validations/validation3_final/fast_trial_20260831T030251Z
validation3_final,fast_trial_20260831T030251Z,SHARED_GLOBAL_COSTMAP_ACTIVE,robot2,16.72,1788145386.1971085,,-29.020000000000003,/home/arash/webots_ws_clean_validation_20260823/results/final_runtime_reliability_validations/validation3_final/fast_trial_20260831T030251Z
validation3_final,fast_trial_20260831T030251Z,SHARED_NAV2_PROCESSES_LAUNCH_STARTED,,45.74,1788145396.1925733,,0.0,/home/arash/webots_ws_clean_validation_20260823/results/final_runtime_reliability_validations/validation3_final/fast_trial_20260831T030251Z
validation3_final,fast_trial_20260831T030251Z,SHARED_NAV2_PROCESSES_PRESENT,,45.74,1788145396.1972113,,0.0,/home/arash/webots_ws_clean_validation_20260823/results/final_runtime_reliability_validations/validation3_final/fast_trial_20260831T030251Z
validation3_final,fast_trial_20260831T030251Z,HANDOFF_LOCKED,robot1,45.74,1788145396.1980376,,0.0,/home/arash/webots_ws_clean_validation_20260823/results/final_runtime_reliability_validations/validation3_final/fast_trial_20260831T030251Z
validation3_final,fast_trial_20260831T030251Z,HANDOFF_LOCKED,robot2,45.74,1788145396.203615,,0.0,/home/arash/webots_ws_clean_validation_20260823/results/final_runtime_reliability_validations/validation3_final/fast_trial_20260831T030251Z
validation3_final,fast_trial_20260831T030251Z,SHARED_NAV2_LIFECYCLE_STARTUP_REQUESTED,robot1,50.34,1788145401.7475257,,4.600000000000001,/home/arash/webots_ws_clean_validation_20260823/results/final_runtime_reliability_validations/validation3_final/fast_trial_20260831T030251Z
validation3_final,fast_trial_20260831T030251Z,SHARED_NAV2_LIFECYCLE_STARTUP_REQUESTED,robot2,50.46,1788145401.9510465,,4.719999999999999,/home/arash/webots_ws_clean_validation_20260823/results/final_runtime_reliability_validations/validation3_final/fast_trial_20260831T030251Z
validation3_final,fast_trial_20260831T030251Z,LOCAL_NAV2_PROCESSES_TEARDOWN_COMPLETE,robot1,51.42,1788145403.221815,,5.68,/home/arash/webots_ws_clean_validation_20260823/results/final_runtime_reliability_validations/validation3_final/fast_trial_20260831T030251Z
validation3_final,fast_trial_20260831T030251Z,LOCAL_NAV2_PROCESSES_TEARDOWN_COMPLETE,robot2,51.96,1788145403.4659667,,6.219999999999999,/home/arash/webots_ws_clean_validation_20260823/results/final_runtime_reliability_validations/validation3_final/fast_trial_20260831T030251Z
validation3_final,fast_trial_20260831T030251Z,SHARED_NAV2_LIFECYCLE_ACTIVE,robot2,55.82,1788145404.923638,,10.079999999999998,/home/arash/webots_ws_clean_validation_20260823/results/final_runtime_reliability_validations/validation3_final/fast_trial_20260831T030251Z
validation3_final,fast_trial_20260831T030251Z,SHARED_PLANNER_ACTIVE,robot2,55.82,1788145404.9254076,,10.079999999999998,/home/arash/webots_ws_clean_validation_20260823/results/final_runtime_reliability_validations/validation3_final/fast_trial_20260831T030251Z
validation3_final,fast_trial_20260831T030251Z,SHARED_CONTROLLER_ACTIVE,robot2,55.82,1788145404.926121,,10.079999999999998,/home/arash/webots_ws_clean_validation_20260823/results/final_runtime_reliability_validations/validation3_final/fast_trial_20260831T030251Z
validation3_final,fast_trial_20260831T030251Z,SHARED_LOCAL_COSTMAP_ACTIVE,robot2,56.02,1788145405.0035536,,10.280000000000001,/home/arash/webots_ws_clean_validation_20260823/results/final_runtime_reliability_validations/validation3_final/fast_trial_20260831T030251Z
validation3_final,fast_trial_20260831T030251Z,SHARED_GLOBAL_COSTMAP_ACTIVE,robot2,56.14,1788145405.0256393,,10.399999999999999,/home/arash/webots_ws_clean_validation_20260823/results/final_runtime_reliability_validations/validation3_final/fast_trial_20260831T030251Z
validation3_final,fast_trial_20260831T030251Z,SHARED_NAV2_LIFECYCLE_ACTIVE,robot1,69.74,1788145409.3002183,,23.999999999999993,/home/arash/webots_ws_clean_validation_20260823/results/final_runtime_reliability_validations/validation3_final/fast_trial_20260831T030251Z
validation3_final,fast_trial_20260831T030251Z,SHARED_PLANNER_ACTIVE,robot1,69.84,1788145409.3025417,,24.1,/home/arash/webots_ws_clean_validation_20260823/results/final_runtime_reliability_validations/validation3_final/fast_trial_20260831T030251Z
validation3_final,fast_trial_20260831T030251Z,SHARED_CONTROLLER_ACTIVE,robot1,69.84,1788145409.3029017,,24.1,/home/arash/webots_ws_clean_validation_20260823/results/final_runtime_reliability_validations/validation3_final/fast_trial_20260831T030251Z
validation3_final,fast_trial_20260831T030251Z,SHARED_LOCAL_COSTMAP_ACTIVE,robot1,69.96,1788145409.3537097,,24.21999999999999,/home/arash/webots_ws_clean_validation_20260823/results/final_runtime_reliability_validations/validation3_final/fast_trial_20260831T030251Z
validation3_final,fast_trial_20260831T030251Z,SHARED_GLOBAL_COSTMAP_ACTIVE,robot1,70.06,1788145409.3725338,,24.32,/home/arash/webots_ws_clean_validation_20260823/results/final_runtime_reliability_validations/validation3_final/fast_trial_20260831T030251Z
validation3_final,fast_trial_20260831T030251Z,SHARED_NAV2_COSTMAP_BARRIER_RELEASED,,70.06,1788145409.3730953,,24.32,/home/arash/webots_ws_clean_validation_20260823/results/final_runtime_reliability_validations/validation3_final/fast_trial_20260831T030251Z
validation3_final,fast_trial_20260831T030251Z,FIRST_VALID_TASK_SNAPSHOTS,robot2,72.06,1788145410.1171725,1788145410.1166866,26.32,/home/arash/webots_ws_clean_validation_20260823/results/final_runtime_reliability_validations/validation3_final/fast_trial_20260831T030251Z
validation3_final,fast_trial_20260831T030251Z,FIRST_VALID_TASK_SNAPSHOTS,robot1,72.06,1788145410.1210263,1788145410.1206512,26.32,/home/arash/webots_ws_clean_validation_20260823/results/final_runtime_reliability_validations/validation3_final/fast_trial_20260831T030251Z
validation3_final,fast_trial_20260831T030251Z,FIRST_VALID_PAIR_DECISION,robot2,72.18,1788145410.1665702,1788145410.1650474,26.440000000000005,/home/arash/webots_ws_clean_validation_20260823/results/final_runtime_reliability_validations/validation3_final/fast_trial_20260831T030251Z
validation3_final,fast_trial_20260831T030251Z,FIRST_VALID_PAIR_DECISION,robot1,72.18,1788145410.1677,1788145410.165546,26.440000000000005,/home/arash/webots_ws_clean_validation_20260823/results/final_runtime_reliability_validations/validation3_final/fast_trial_20260831T030251Z
validation3_final,fast_trial_20260831T030251Z,FIRST_COOPERATIVE_GOAL,robot1,72.3,1788145410.2517889,1788145410.246121,26.559999999999995,/home/arash/webots_ws_clean_validation_20260823/results/final_runtime_reliability_validations/validation3_final/fast_trial_20260831T030251Z
validation3_final,fast_trial_20260831T030251Z,FIRST_COOPERATIVE_GOAL,robot2,110.06,1788145424.4304025,1788145424.4115849,64.32,/home/arash/webots_ws_clean_validation_20260823/results/final_runtime_reliability_validations/validation3_final/fast_trial_20260831T030251Z
validation5_final,fast_trial_20260831T031615Z,SHARED_LOCAL_COSTMAP_ACTIVE,robot1,11.12,1788146189.3950853,,-39.220000000000006,/home/arash/webots_ws_clean_validation_20260823/results/final_runtime_reliability_validations/validation5_final/fast_trial_20260831T031615Z
validation5_final,fast_trial_20260831T031615Z,SHARED_GLOBAL_COSTMAP_ACTIVE,robot1,12.04,1788146189.6639411,,-38.300000000000004,/home/arash/webots_ws_clean_validation_20260823/results/final_runtime_reliability_validations/validation5_final/fast_trial_20260831T031615Z
validation5_final,fast_trial_20260831T031615Z,SHARED_LOCAL_COSTMAP_ACTIVE,robot2,16.5,1788146191.4565015,,-33.84,/home/arash/webots_ws_clean_validation_20260823/results/final_runtime_reliability_validations/validation5_final/fast_trial_20260831T031615Z
validation5_final,fast_trial_20260831T031615Z,SHARED_GLOBAL_COSTMAP_ACTIVE,robot2,17.14,1788146191.6783488,,-33.2,/home/arash/webots_ws_clean_validation_20260823/results/final_runtime_reliability_validations/validation5_final/fast_trial_20260831T031615Z
validation5_final,fast_trial_20260831T031615Z,SHARED_NAV2_PROCESSES_LAUNCH_STARTED,,50.34,1788146203.166523,,0.0,/home/arash/webots_ws_clean_validation_20260823/results/final_runtime_reliability_validations/validation5_final/fast_trial_20260831T031615Z
validation5_final,fast_trial_20260831T031615Z,SHARED_NAV2_PROCESSES_PRESENT,,50.34,1788146203.1713164,,0.0,/home/arash/webots_ws_clean_validation_20260823/results/final_runtime_reliability_validations/validation5_final/fast_trial_20260831T031615Z
validation5_final,fast_trial_20260831T031615Z,HANDOFF_LOCKED,robot2,50.34,1788146203.1720054,,0.0,/home/arash/webots_ws_clean_validation_20260823/results/final_runtime_reliability_validations/validation5_final/fast_trial_20260831T031615Z
validation5_final,fast_trial_20260831T031615Z,HANDOFF_LOCKED,robot1,50.34,1788146203.1757913,,0.0,/home/arash/webots_ws_clean_validation_20260823/results/final_runtime_reliability_validations/validation5_final/fast_trial_20260831T031615Z
validation5_final,fast_trial_20260831T031615Z,SHARED_NAV2_LIFECYCLE_STARTUP_REQUESTED,robot1,54.1,1788146206.1951766,,3.759999999999998,/home/arash/webots_ws_clean_validation_20260823/results/final_runtime_reliability_validations/validation5_final/fast_trial_20260831T031615Z
validation5_final,fast_trial_20260831T031615Z,SHARED_NAV2_LIFECYCLE_STARTUP_REQUESTED,robot2,54.2,1788146206.374943,,3.8599999999999994,/home/arash/webots_ws_clean_validation_20260823/results/final_runtime_reliability_validations/validation5_final/fast_trial_20260831T031615Z
validation5_final,fast_trial_20260831T031615Z,LOCAL_NAV2_PROCESSES_TEARDOWN_COMPLETE,robot2,55.38,1788146207.4995825,,5.039999999999999,/home/arash/webots_ws_clean_validation_20260823/results/final_runtime_reliability_validations/validation5_final/fast_trial_20260831T031615Z
validation5_final,fast_trial_20260831T031615Z,LOCAL_NAV2_PROCESSES_TEARDOWN_COMPLETE,robot1,55.38,1788146207.5055146,,5.039999999999999,/home/arash/webots_ws_clean_validation_20260823/results/final_runtime_reliability_validations/validation5_final/fast_trial_20260831T031615Z
validation5_final,fast_trial_20260831T031615Z,SHARED_NAV2_LIFECYCLE_ACTIVE,robot2,76.18,1788146214.5198638,,25.840000000000003,/home/arash/webots_ws_clean_validation_20260823/results/final_runtime_reliability_validations/validation5_final/fast_trial_20260831T031615Z
validation5_final,fast_trial_20260831T031615Z,SHARED_PLANNER_ACTIVE,robot2,76.3,1788146214.5222914,,25.959999999999994,/home/arash/webots_ws_clean_validation_20260823/results/final_runtime_reliability_validations/validation5_final/fast_trial_20260831T031615Z
validation5_final,fast_trial_20260831T031615Z,SHARED_CONTROLLER_ACTIVE,robot2,76.3,1788146214.5226438,,25.959999999999994,/home/arash/webots_ws_clean_validation_20260823/results/final_runtime_reliability_validations/validation5_final/fast_trial_20260831T031615Z
validation5_final,fast_trial_20260831T031615Z,SHARED_LOCAL_COSTMAP_ACTIVE,robot2,76.4,1788146214.5912952,,26.060000000000002,/home/arash/webots_ws_clean_validation_20260823/results/final_runtime_reliability_validations/validation5_final/fast_trial_20260831T031615Z
validation5_final,fast_trial_20260831T031615Z,SHARED_GLOBAL_COSTMAP_ACTIVE,robot2,76.52,1788146216.4917789,,26.179999999999993,/home/arash/webots_ws_clean_validation_20260823/results/final_runtime_reliability_validations/validation5_final/fast_trial_20260831T031615Z
validation5_final,fast_trial_20260831T031615Z,SHARED_NAV2_LIFECYCLE_ACTIVE,robot1,78.74,1788146217.3421817,,28.39999999999999,/home/arash/webots_ws_clean_validation_20260823/results/final_runtime_reliability_validations/validation5_final/fast_trial_20260831T031615Z
validation5_final,fast_trial_20260831T031615Z,SHARED_PLANNER_ACTIVE,robot1,78.74,1788146217.3441045,,28.39999999999999,/home/arash/webots_ws_clean_validation_20260823/results/final_runtime_reliability_validations/validation5_final/fast_trial_20260831T031615Z
validation5_final,fast_trial_20260831T031615Z,SHARED_CONTROLLER_ACTIVE,robot1,78.74,1788146217.3445776,,28.39999999999999,/home/arash/webots_ws_clean_validation_20260823/results/final_runtime_reliability_validations/validation5_final/fast_trial_20260831T031615Z
validation5_final,fast_trial_20260831T031615Z,SHARED_LOCAL_COSTMAP_ACTIVE,robot1,78.84,1788146217.3732402,,28.5,/home/arash/webots_ws_clean_validation_20260823/results/final_runtime_reliability_validations/validation5_final/fast_trial_20260831T031615Z
validation5_final,fast_trial_20260831T031615Z,SHARED_GLOBAL_COSTMAP_ACTIVE,robot1,78.84,1788146217.3920548,,28.5,/home/arash/webots_ws_clean_validation_20260823/results/final_runtime_reliability_validations/validation5_final/fast_trial_20260831T031615Z
validation5_final,fast_trial_20260831T031615Z,SHARED_NAV2_COSTMAP_BARRIER_RELEASED,,78.84,1788146217.3927426,,28.5,/home/arash/webots_ws_clean_validation_20260823/results/final_runtime_reliability_validations/validation5_final/fast_trial_20260831T031615Z
validation5_final,fast_trial_20260831T031615Z,FIRST_VALID_TASK_SNAPSHOTS,robot1,80.06,1788146217.8233156,1788146217.8230295,29.72,/home/arash/webots_ws_clean_validation_20260823/results/final_runtime_reliability_validations/validation5_final/fast_trial_20260831T031615Z
validation5_final,fast_trial_20260831T031615Z,FIRST_VALID_TASK_SNAPSHOTS,robot2,80.06,1788146217.8237126,1788146217.8234763,29.72,/home/arash/webots_ws_clean_validation_20260823/results/final_runtime_reliability_validations/validation5_final/fast_trial_20260831T031615Z
validation5_final,fast_trial_20260831T031615Z,FIRST_VALID_PAIR_DECISION,robot2,80.18,1788146217.8840468,1788146217.8789697,29.840000000000003,/home/arash/webots_ws_clean_validation_20260823/results/final_runtime_reliability_validations/validation5_final/fast_trial_20260831T031615Z
validation5_final,fast_trial_20260831T031615Z,FIRST_VALID_PAIR_DECISION,robot1,80.18,1788146217.8842225,1788146217.8791764,29.840000000000003,/home/arash/webots_ws_clean_validation_20260823/results/final_runtime_reliability_validations/validation5_final/fast_trial_20260831T031615Z
validation5_final,fast_trial_20260831T031615Z,FIRST_COOPERATIVE_GOAL,robot2,80.52,1788146218.017915,1788146218.0173864,30.179999999999993,/home/arash/webots_ws_clean_validation_20260823/results/final_runtime_reliability_validations/validation5_final/fast_trial_20260831T031615Z
validation5_final,fast_trial_20260831T031615Z,FIRST_COOPERATIVE_GOAL,robot1,80.52,1788146218.0307329,1788146218.0251899,30.179999999999993,/home/arash/webots_ws_clean_validation_20260823/results/final_runtime_reliability_validations/validation5_final/fast_trial_20260831T031615Z
